﻿<?xml version="1.0" encoding="utf-8" ?>
<root>
	<OCRProcessParameterSetting>
		<!--<Channel value="Default">-->
		<docJourney value="Default">
			<!--<DocType value="Default" ProjectCode="1017" />-->			
			<DocType value="CAR QUOTATION" ProjectCode="1020" BatchTypeID="26" />
		</docJourney>
		<docJourney value="AutoFinance">			
			<DocType value="CAR QUOTATION" ProjectCode="1020" BatchTypeID="26" />
		</docJourney>
		<docJourney value="CorporateOnboarding">	
			<!--<DocType value="Default" ProjectCode="1017" />-->
			<DocType value="CR" ProjectCode="1017" BatchTypeID="13" />
			<DocType value="CCARD" ProjectCode="1017" BatchTypeID="14" />
			<DocType value="TLICEN" ProjectCode="1017" BatchTypeID="15" />
			<DocType value="QID" ProjectCode="1017" BatchTypeID="16" />
			<DocType value="PASSPORT" ProjectCode="1017" BatchTypeID="17" />			
		</docJourney>
		<docJourney value="BranchOnboarding">					
			<DocType value="PASSPORT" ProjectCode="1017" BatchTypeID="17" />
			<DocType value="SALARY_CERTIFICATE" ProjectCode="1022" BatchTypeID="28" />
			<DocType value="QID" ProjectCode="1022" BatchTypeID="29" />
		</docJourney>
		<docJourney value="WPSOnboarding">			
			<DocType value="PASSPORT" ProjectCode="1017" BatchTypeID="17" />
			<DocType value="SALARY_CERTIFICATE" ProjectCode="1022" BatchTypeID="28" />
			<DocType value="QID" ProjectCode="1022" BatchTypeID="29" />		
		</docJourney>				
	</OCRProcessParameterSetting>
</root>

