﻿<?xml version="1.0" encoding="utf-8" ?>
<root>
	<OCRProcessParameterSetting>
		<Channel value="CRP1">
			<DocType value="Default" ProjectCode="1017" />
			<DocType value="CR" ProjectCode="1017" BatchTypeID="13" />
			<DocType value="CCARD" ProjectCode="1017" BatchTypeID="14" />
			<DocType value="TLICEN" ProjectCode="1017" BatchTypeID="15" />
			<DocType value="QID" ProjectCode="1017" BatchTypeID="16" />
			<DocType value="PASSPORT" ProjectCode="1017" BatchTypeID="17" />
		</Channel>
		<Channel value="MB1">
			<DocType value="Default" ProjectCode="1017" />
			<DocType value="CR" ProjectCode="1017" BatchTypeID="13" />
			<DocType value="CCARD" ProjectCode="1017" BatchTypeID="14" />
			<DocType value="TLICEN" ProjectCode="1017" BatchTypeID="15" />
			<DocType value="QID" ProjectCode="1017" BatchTypeID="16" />
			<DocType value="PASSPORT" ProjectCode="1017" BatchTypeID="17" />
		</Channel>
		<Channel value="MB2">
			<DocType value="Default" ProjectCode="1020" />
			<DocType value="CAR QUOTATION" ProjectCode="1020" BatchTypeID="26" />			
		</Channel>
	</OCRProcessParameterSetting>
</root>

